Archived__c,Created_At__c,Description__c,External_ID__c,Forks__c,GitHub_URL__C,License__C,Name,Open_Issues__c,Page_Views__C,Primary_Language__c,Pushed_At__c,Stargazers__C,Temp_Page_Views__C,Temp_Unique_Page_Views__c,Todays_Page_Views__c,Todays_Unique_Page_Views__c,Unique_Page_Views__c,Updated_At__c,Visibility__c,Watchers__c
FALSE,2020-01-01T00:00:00.000Z,,1,0,https://github.com/SalesforceLabs/PermissionGenerator,,PermissionGenerator,0,0,,2020-01-01T00:00:00.000Z,0,0,0,0,0,0,2020-01-01T00:00:00.000Z,Private,0
FALSE,2020-01-01T00:00:00.000Z,"The CPQ B2B Commerce Cloud Connector is an unmanaged package from Salesforce Labs and allows customers of both B2B Commerce and CPQ to configure or customize functionality that will sync products, pricing, quote requests and order history across both clouds.",2,1,https://github.com/SalesforceLabs/CPQB2BConnector,BSD-3-Clause,CPQB2BConnector,0,65,Apex,2020-01-01T00:00:00.000Z,1,0,0,0,0,22,2020-01-01T00:00:00.000Z,Public,1
FALSE,2020-01-01T00:00:00.000Z,"This application enables companies to respond to and manage a crisis (COVID-19) by understanding employee and location impact, keeping employees up to date, responding to employee needs, and reporting on impact to business continuity.",3,2,https://github.com/SalesforceLabs/CrisisResponse,NOASSERTION,CrisisResponse,0,6,Apex,2020-01-01T00:00:00.000Z,4,0,0,0,0,4,2020-01-01T00:00:00.000Z,Public,4
FALSE,2020-01-01T00:00:00.000Z,This components gets public financial and hiring intelligence about an account,4,0,https://github.com/SalesforceLabs/CustomerStrategicAI,,CustomerStrategicAI,0,0,,2020-01-01T00:00:00.000Z,0,0,0,0,0,0,2020-01-01T00:00:00.000Z,Private,0
FALSE,2014-01-01T00:00:00.000Z,,5,2,https://github.com/SalesforceLabs/CustomQuoteSync,,CustomQuoteSync,0,36,Apex,2014-01-01T00:00:00.000Z,3,0,0,0,0,15,2019-01-01T00:00:00.000Z,Public,3
FALSE,2019-01-01T00:00:00.000Z,Dashboard Pal Flow Template allows anyone with access to Dashboard sObject to display dashboards within flows or on any page within lightning experience using pre-defined flow.,6,0,https://github.com/SalesforceLabs/DashboardPalFlow,,DashboardPalFlow,0,0,,2019-01-01T00:00:00.000Z,0,0,0,0,0,0,2019-01-01T00:00:00.000Z,Private,0
FALSE,2011-01-01T00:00:00.000Z,,7,3,https://github.com/SalesforceLabs/Data-Quality-Analysis-Dashboards,,Data-Quality-Analysis-Dashboards,0,0,,2011-01-01T00:00:00.000Z,5,0,0,0,0,0,2019-01-01T00:00:00.000Z,Public,5
FALSE,2020-01-01T00:00:00.000Z,"Added drawing and annotations to your app, based on Fabric.js http://fabricjs.com/",8,1,https://github.com/SalesforceLabs/DrawAnnotations,BSD-3-Clause,DrawAnnotations,0,112,JavaScript,2020-01-01T00:00:00.000Z,1,0,0,0,0,26,2020-01-01T00:00:00.000Z,Public,1
FALSE,2013-01-01T00:00:00.000Z,Chatter app built for dreamforce 2012,9,4,https://github.com/SalesforceLabs/dreamforce-chatter-app,,dreamforce-chatter-app,0,20,Apex,2013-01-01T00:00:00.000Z,5,0,0,0,0,4,2020-01-01T00:00:00.000Z,Public,5
FALSE,2016-01-01T00:00:00.000Z,,10,27,https://github.com/SalesforceLabs/dreamhouse-mobile-react,,dreamhouse-mobile-react,2,17,JavaScript,2016-01-01T00:00:00.000Z,28,0,0,0,0,6,2019-01-01T00:00:00.000Z,Public,28
FALSE,2014-01-01T00:00:00.000Z,,11,4,https://github.com/SalesforceLabs/DupeEliminator,,DupeEliminator,2,38,Apex,2014-01-01T00:00:00.000Z,5,0,0,0,0,8,2019-01-01T00:00:00.000Z,Public,5
FALSE,2020-01-01T00:00:00.000Z,"This clock component can be shown on any record or app page, or even place it in the utility bar. It can detect location from standard and custom fields or use the system time along with a list of additional locations if desired.",12,1,https://github.com/SalesforceLabs/DynamicWorldClock,BSD-3-Clause,DynamicWorldClock,0,26,JavaScript,2020-01-01T00:00:00.000Z,0,0,0,0,0,20,2020-01-01T00:00:00.000Z,Public,0
FALSE,2019-01-01T00:00:00.000Z,Easy Event Registration,13,0,https://github.com/SalesforceLabs/Easy-Event-Registration,,Easy-Event-Registration,0,0,,2019-01-01T00:00:00.000Z,0,0,0,0,0,0,2019-01-01T00:00:00.000Z,Private,0
FALSE,2018-01-01T00:00:00.000Z,"Easy PDF creates an Invoice, Quote, and/or Packing Slip PDFs with the click of a button! This package also comes with an editable PDF template of the Opportunities object as a guide to start making your own PDFs by editing our HTML. Our Visualforce and Apex code is all editable so that you can apply the concept of generating a PDF template from the click of a button to any Salesforce object that you desire. This is the first unmanaged package on the AppExchange, and it’s cleverly designed to be flexible and extensible.",14,5,https://github.com/SalesforceLabs/Easy-PDF,BSD-3-Clause,Easy-PDF,0,81,Apex,2019-01-01T00:00:00.000Z,4,0,0,0,0,27,2020-01-01T00:00:00.000Z,Public,4
FALSE,2012-01-01T00:00:00.000Z,Email Response Console for Salesforce Service Cloud - or ERC – is a Salesforce Service Cloud Console application tailored for agents that are focused primarily on email.,15,8,https://github.com/SalesforceLabs/EmailResponseConsole,,EmailResponseConsole,0,20,Apex,2012-01-01T00:00:00.000Z,9,0,0,0,0,13,2019-01-01T00:00:00.000Z,Public,9
FALSE,2018-01-01T00:00:00.000Z,Employee Time Tracker keeps track of the amount of time your employees spend at work,16,0,https://github.com/SalesforceLabs/EmployeeTimeTracker,Apache-2.0,EmployeeTimeTracker,0,0,Apex,2018-01-01T00:00:00.000Z,0,0,0,0,0,0,2019-01-01T00:00:00.000Z,Private,0
FALSE,2020-01-01T00:00:00.000Z,Displays the approval history in an easy-to-understand manner,17,0,https://github.com/SalesforceLabs/EnhancedApprovalHistory,,EnhancedApprovalHistory,0,0,,2020-01-01T00:00:00.000Z,0,0,0,0,0,0,2020-01-01T00:00:00.000Z,Private,0
FALSE,2020-01-01T00:00:00.000Z,"Ever wanted to customize the Files related list? Now you can! Use the Enhanced Files List component on record, app, or home pages. Select up to 10 fields to display, including custom Content Version fields. Control list behavior without writing any code.",18,0,https://github.com/SalesforceLabs/EnhancedFilesList,BSD-2-Clause,EnhancedFilesList,0,189,JavaScript,2020-01-01T00:00:00.000Z,0,0,0,0,0,12,2020-01-01T00:00:00.000Z,Private,0
FALSE,2018-01-01T00:00:00.000Z,"Component that allows you to sort and filter data within the Lightning Experience. Use as a replacement for a Related List, or create a new grid that shows results from a custom query.",19,37,https://github.com/SalesforceLabs/EnhancedLightningGrid,BSD-3-Clause,EnhancedLightningGrid,39,1925,Apex,2020-01-01T00:00:00.000Z,65,0,0,7,1,409,2020-01-01T00:00:00.000Z,Public,65
FALSE,2011-01-01T00:00:00.000Z,,20,3,https://github.com/SalesforceLabs/Event-Management,,Event-Management,0,13,,2011-01-01T00:00:00.000Z,4,0,0,0,0,5,2019-01-01T00:00:00.000Z,Public,4
FALSE,2020-01-01T00:00:00.000Z,Excel Upload Lightning Web Component,21,4,https://github.com/SalesforceLabs/ExcelUpload,BSD-3-Clause,ExcelUpload,0,149,JavaScript,2020-01-01T00:00:00.000Z,2,0,0,0,0,52,2020-01-01T00:00:00.000Z,Public,2
FALSE,2020-01-01T00:00:00.000Z,,22,0,https://github.com/SalesforceLabs/ExpenseTracker,,ExpenseTracker,0,1,JavaScript,2020-01-01T00:00:00.000Z,0,0,0,0,0,1,2020-01-01T00:00:00.000Z,Private,0
FALSE,2019-01-01T00:00:00.000Z,,23,2,https://github.com/SalesforceLabs/featuredcontent,BSD-3-Clause,featuredcontent,1,76,JavaScript,2019-01-01T00:00:00.000Z,0,0,0,0,0,14,2019-01-01T00:00:00.000Z,Public,0
FALSE,2020-01-01T00:00:00.000Z,"With the Lightning File Explorer, you can create and then view a hierarchy of your files associated with a record. The files are nested within a familiar tree structure which we are all used to.",24,1,https://github.com/SalesforceLabs/FileExplorer,BSD-3-Clause,FileExplorer,0,83,Apex,2020-01-01T00:00:00.000Z,1,0,0,0,0,28,2020-01-01T00:00:00.000Z,Public,1
FALSE,2020-01-01T00:00:00.000Z,,25,0,https://github.com/SalesforceLabs/FileFocus,,FileFocus,0,5,,2020-01-01T00:00:00.000Z,1,0,0,1,1,4,2020-01-01T00:00:00.000Z,Private,1
FALSE,2011-01-01T00:00:00.000Z,,26,38,https://github.com/SalesforceLabs/FindNearby,,FindNearby,7,8,Apex,2012-01-01T00:00:00.000Z,34,0,0,0,0,7,2019-01-01T00:00:00.000Z,Public,34
FALSE,2020-01-01T00:00:00.000Z,"A lightning component that provides the ability to select email template and prepare a draft version of the email with merge field values. User can also compose the email on the go without selecting email template. Pre-populate the email composer with To,CC,Bcc,Subject.",27,6,https://github.com/SalesforceLabs/FlowEmailComposer,BSD-3-Clause,FlowEmailComposer,1,255,JavaScript,2020-01-01T00:00:00.000Z,11,0,0,0,0,68,2020-01-01T00:00:00.000Z,Public,11
FALSE,2019-01-01T00:00:00.000Z,Flow templates for using a subflow to send error handling emails to current user and admin.,28,3,https://github.com/SalesforceLabs/FlowErrorHandling,BSD-3-Clause,FlowErrorHandling,0,45,,2019-01-01T00:00:00.000Z,5,0,0,0,0,16,2020-01-01T00:00:00.000Z,Public,5
FALSE,2012-01-01T00:00:00.000Z,"ForcePad: Every Salesforce app, tab, and record, full CRUD, native iOS, slices these carrots, chops these tomatoes",29,43,https://github.com/SalesforceLabs/ForcePad,NOASSERTION,ForcePad,8,41,Objective-C,2013-01-01T00:00:00.000Z,100,0,0,1,1,25,2020-01-01T00:00:00.000Z,Public,100
FALSE,2011-01-01T00:00:00.000Z,,30,0,https://github.com/SalesforceLabs/forcetools,,forcetools,0,0,Java,2011-01-01T00:00:00.000Z,0,0,0,0,0,0,2019-01-01T00:00:00.000Z,Private,0
FALSE,2014-01-01T00:00:00.000Z,,31,1,https://github.com/SalesforceLabs/ForecastingMobileUI,,ForecastingMobileUI,2,1,Apex,2014-01-01T00:00:00.000Z,4,0,0,0,0,1,2019-01-01T00:00:00.000Z,Public,4
FALSE,2018-01-01T00:00:00.000Z,Wouldn't it be nice if there was a way to connect Lightning components with Einstein bots.  Mr. Robot is a framework that does that! Mr. Robot uses salesforce hottest technologies to provide a flexible implementation of Einstein bot that interacts with Lightning components by using Salesforce Platform Events.,32,0,https://github.com/SalesforceLabs/MrRobotFramework,BSD-3-Clause,MrRobotFramework,0,13,JavaScript,2018-01-01T00:00:00.000Z,2,0,0,0,0,4,2019-01-01T00:00:00.000Z,Public,2
FALSE,2020-01-01T00:00:00.000Z,"MuleSoft Accelerators for Salesforce Clouds is a joint MuleSoft and Salesforce solution that helps customers implement critical integration use cases for Service Cloud and B2C Commerce Cloud faster and easier than ever before. The solution includes pre-built APIs, connectors and integration templates that help you unlock critical customer and product data from external systems. The Lightning Web Component for Service Cloud allows service agents to see in real-time, order history and status information from an external order management system (OMS) within Service Cloud, without having to toggle to a separate application.",33,0,https://github.com/SalesforceLabs/MuleSoftAccelerator,,MuleSoftAccelerator,0,0,JavaScript,2020-01-01T00:00:00.000Z,0,0,0,0,0,0,2020-01-01T00:00:00.000Z,Private,0
FALSE,2020-01-01T00:00:00.000Z,Multi-Org Security Summary gives you the ability to bring all of the Security Health Check data from all of your Salesforce environments(production & sandbox) into a single org! This allows you to get a clear picture of the security health of your entire Salesforce program and manage your team of Admins more efficiently.,34,1,https://github.com/SalesforceLabs/MultiOrgSecuritySummary,,MultiOrgSecuritySummary,0,133,HTML,2020-01-01T00:00:00.000Z,2,0,0,0,0,19,2020-01-01T00:00:00.000Z,Public,2
FALSE,2020-01-01T00:00:00.000Z,,35,1,https://github.com/SalesforceLabs/MyAwesomeDynamicRecordForm,BSD-3-Clause,MyAwesomeDynamicRecordForm,0,178,JavaScript,2020-01-01T00:00:00.000Z,0,0,0,0,0,45,2020-01-01T00:00:00.000Z,Public,0
FALSE,2013-01-01T00:00:00.000Z,Google charts for saleforce.com desktop and mobile via the new analytics API,36,8,https://github.com/SalesforceLabs/MyCharts,BSD-3-Clause,MyCharts,1,11,JavaScript,2014-01-01T00:00:00.000Z,15,0,0,0,0,9,2019-01-01T00:00:00.000Z,Public,15
FALSE,2020-01-01T00:00:00.000Z,,37,4,https://github.com/SalesforceLabs/MySalesforceTrustMonitor,,MySalesforceTrustMonitor,8,85,HTML,2020-01-01T00:00:00.000Z,7,0,0,0,0,32,2020-01-01T00:00:00.000Z,Public,7
FALSE,2019-01-01T00:00:00.000Z,"The myV2MOM app enables leaders to drive alignment within their organization. Using this app employees can view their leadership's vision and goals, and set their own personal professional goals to be aligned with that of their leaders.",38,5,https://github.com/SalesforceLabs/MyV2MOM,,MyV2MOM,1,167,JavaScript,2020-01-01T00:00:00.000Z,3,0,0,40,2,44,2020-01-01T00:00:00.000Z,Public,3
FALSE,2020-01-01T00:00:00.000Z,"A tiny, secure, URL-friendly, unique string ID generator for Salesforce Apex",39,0,https://github.com/SalesforceLabs/nanoid,,nanoid,0,0,,2020-01-01T00:00:00.000Z,0,0,0,0,0,0,2020-01-01T00:00:00.000Z,Private,0
FALSE,2020-01-01T00:00:00.000Z,OCR Assistant allows admins to quickly get started with OCR,40,0,https://github.com/SalesforceLabs/OCRAssistant,,OCRAssistant,0,31,Apex,2020-01-01T00:00:00.000Z,0,0,0,0,0,4,2020-01-01T00:00:00.000Z,Private,0
FALSE,2020-01-01T00:00:00.000Z,"This project helps you get a one glance view of the work in your contact center, where you can rebalance the workload",41,0,https://github.com/SalesforceLabs/OmniChannelWorkReallocator,,OmniChannelWorkReallocator,0,0,,2020-01-01T00:00:00.000Z,0,0,0,0,0,0,2020-01-01T00:00:00.000Z,Private,0
FALSE,2020-01-01T00:00:00.000Z,Visualize your Org dependencies with Org360 Visualizer,42,1,https://github.com/SalesforceLabs/Org360Visualizer,,Org360Visualizer,0,136,JavaScript,2020-01-01T00:00:00.000Z,2,0,0,0,0,28,2020-01-01T00:00:00.000Z,Public,2
FALSE,2019-01-01T00:00:00.000Z,"Org Chart is a lightning ready responsive component which enables the user to view the hierarchy, mangers, peers and reportees of any employee of his organisation. It is ready to use from mobile or in any view (Page, Quick Action, Utility) of Desktop.",43,6,https://github.com/SalesforceLabs/OrgchartLightning,BSD-3-Clause,OrgchartLightning,0,152,JavaScript,2019-01-01T00:00:00.000Z,5,0,0,0,0,45,2020-01-01T00:00:00.000Z,Public,5
FALSE,2020-01-01T00:00:00.000Z,,44,0,https://github.com/SalesforceLabs/orgLimits,,orgLimits,0,0,,2020-01-01T00:00:00.000Z,0,0,0,0,0,0,2020-01-01T00:00:00.000Z,Private,0
FALSE,2019-01-01T00:00:00.000Z,App to schedule package push upgrades,45,1,https://github.com/SalesforceLabs/PackagePush,NOASSERTION,PackagePush,2,7,JavaScript,2019-01-01T00:00:00.000Z,0,0,0,0,0,4,2019-01-01T00:00:00.000Z,Public,0
FALSE,2020-01-01T00:00:00.000Z,,46,0,https://github.com/SalesforceLabs/PackageVisualizer,,PackageVisualizer,0,0,,2020-01-01T00:00:00.000Z,0,0,0,0,0,0,2020-01-01T00:00:00.000Z,Private,0
FALSE,2018-01-01T00:00:00.000Z,"Partner Locator Search allows Salesforce Partners (PRM) customers to expose their partner directory on the public internet, the partner portal, or the customer portal. The Partner Finder can be used by customers to locate a qualified reseller, VAR, distributor, or consulting firm within a particular geographic area. Likewise, it can be used to facilitate partner to partner collaboration by allowing partners to search for other partners with specific skill sets. The Partner Locator Search allows for searching by name, attribute, or location (geo-proximity).",47,1,https://github.com/SalesforceLabs/Partner-Locator-Search,BSD-3-Clause,Partner-Locator-Search,0,4,JavaScript,2018-01-01T00:00:00.000Z,1,0,0,0,0,4,2019-01-01T00:00:00.000Z,Public,1
FALSE,2020-01-01T00:00:00.000Z,This 3D Viewer web component can be used to show any product in interactive 3D using Three.js,48,0,https://github.com/SalesforceLabs/3DViewer,,3DViewer,0,0,,2020-01-01T00:00:00.000Z,0,0,0,0,0,0,2020-01-01T00:00:00.000Z,Private,0
FALSE,2011-01-01T00:00:00.000Z,,49,0,https://github.com/SalesforceLabs/account-dashboards,,account-dashboards,0,0,,2011-01-01T00:00:00.000Z,0,0,0,0,0,0,2019-01-01T00:00:00.000Z,Private,0
FALSE,2011-01-01T00:00:00.000Z,Master your Salesforce Accounts! A free open-source native iPad app.,50,5,https://github.com/SalesforceLabs/Account-Viewer,,Account-Viewer,1,1,Objective-C,2012-01-01T00:00:00.000Z,25,0,0,0,0,1,2018-01-01T00:00:00.000Z,Public,25
FALSE,2011-01-01T00:00:00.000Z,,51,41,https://github.com/SalesforceLabs/ActionPlans,,ActionPlans,13,61,,2011-01-01T00:00:00.000Z,19,0,0,0,0,20,2020-01-01T00:00:00.000Z,Public,19
FALSE,2020-01-01T00:00:00.000Z,A LWC for displaying activities,52,0,https://github.com/SalesforceLabs/ActivityScorecard,,ActivityScorecard,0,0,Apex,2020-01-01T00:00:00.000Z,0,0,0,0,0,0,2020-01-01T00:00:00.000Z,Private,0
FALSE,2020-01-01T00:00:00.000Z,A LWC implementation of the Activity Timeline https://lightningdesignsystem.com/components/activity-timeline/#site-main-content,53,2,https://github.com/SalesforceLabs/ActivityTimelineLWC,BSD-3-Clause,ActivityTimelineLWC,0,177,JavaScript,2020-01-01T00:00:00.000Z,2,0,0,0,0,27,2020-01-01T00:00:00.000Z,Public,2
FALSE,2011-01-01T00:00:00.000Z,,54,2,https://github.com/SalesforceLabs/Add-Contact-To-Campaign,,Add-Contact-To-Campaign,1,11,,2020-01-01T00:00:00.000Z,2,0,0,0,0,2,2019-01-01T00:00:00.000Z,Public,2
FALSE,2020-01-01T00:00:00.000Z,"This component helps you, and your users make filling in addresses a breeze! It will find address suggestions as you type and upon selection will fill out all the relevant fields for you to make use of however you'd like in your flow.",55,0,https://github.com/SalesforceLabs/AddressPickerAutocompleteForFlow,BSD-3-Clause,AddressPickerAutocompleteForFlow,0,371,JavaScript,2020-01-01T00:00:00.000Z,2,0,0,0,0,69,2020-01-01T00:00:00.000Z,Public,2
FALSE,2020-01-01T00:00:00.000Z,Bring public information & job listings on accounts into one centralized view.,56,1,https://github.com/SalesforceLabs/AE2LWC,BSD-3-Clause,AE2LWC,0,61,Apex,2020-01-01T00:00:00.000Z,0,0,0,0,0,15,2020-01-01T00:00:00.000Z,Public,0
FALSE,2020-01-01T00:00:00.000Z,"Using Salesforce Fieldsets and AL_FORM_GENERATOR you can create responsive Forms to use within Salesforce lightning pages(App, Home, and Record Pages) with different Access permissions and with no extra development.",57,0,https://github.com/SalesforceLabs/ALFormGenerator,,ALFormGenerator,0,0,,2020-01-01T00:00:00.000Z,0,0,0,0,0,0,2020-01-01T00:00:00.000Z,Private,0
FALSE,2018-01-01T00:00:00.000Z,Announcements viewer component helps you view all the announcements of the groups you are a member of!,58,0,https://github.com/SalesforceLabs/AnnouncementsViewer,,AnnouncementsViewer,0,0,,2018-01-01T00:00:00.000Z,0,0,0,0,0,0,2019-01-01T00:00:00.000Z,Private,0
FALSE,2020-01-01T00:00:00.000Z,,59,1,https://github.com/SalesforceLabs/AnyRecordHierarchy,,AnyRecordHierarchy,0,221,HTML,2020-01-01T00:00:00.000Z,1,0,0,0,0,57,2020-01-01T00:00:00.000Z,Public,1
FALSE,2011-01-01T00:00:00.000Z,,60,1,https://github.com/SalesforceLabs/apex-commons.github.com,,apex-commons.github.com,0,8,JavaScript,2011-01-01T00:00:00.000Z,4,0,0,0,0,4,2019-01-01T00:00:00.000Z,Public,4
FALSE,2019-01-01T00:00:00.000Z,The AppAnalytics app gives a user interface for you to submit Analytics Query Requests directly from your Licensing Org. For More information on Partner Intelligence App Analytics: https://developer.salesforce.com/docs/atlas.en-us.packagingGuide.meta/packagingGuide/app_analytics_intro.htm,61,1,https://github.com/SalesforceLabs/AppAnalytics,BSD-3-Clause,AppAnalytics,1,54,JavaScript,2019-01-01T00:00:00.000Z,1,0,0,0,0,15,2020-01-01T00:00:00.000Z,Public,1
FALSE,2011-01-01T00:00:00.000Z,,62,2,https://github.com/SalesforceLabs/AppExchange-Dashboard-Pack,,AppExchange-Dashboard-Pack,0,6,,2011-01-01T00:00:00.000Z,3,0,0,0,0,5,2019-01-01T00:00:00.000Z,Public,3
FALSE,2011-01-01T00:00:00.000Z,,63,0,https://github.com/SalesforceLabs/appexchange-java-utils,,appexchange-java-utils,0,0,Java,2011-01-01T00:00:00.000Z,0,0,0,0,0,0,2019-01-01T00:00:00.000Z,Private,0
FALSE,2020-01-01T00:00:00.000Z,This is a LWC solution to have fields specific for an application,64,1,https://github.com/SalesforceLabs/AppRecordDetails,BSD-3-Clause,AppRecordDetails,0,57,JavaScript,2020-01-01T00:00:00.000Z,1,0,0,0,0,20,2020-01-01T00:00:00.000Z,Public,1
FALSE,2020-01-01T00:00:00.000Z,Allows adding an approval history related list to any Lightning Page.,65,3,https://github.com/SalesforceLabs/ApprovalHistoryLWC,BSD-3-Clause,ApprovalHistoryLWC,1,192,HTML,2020-01-01T00:00:00.000Z,1,0,0,20,1,27,2020-01-01T00:00:00.000Z,Public,1
FALSE,2020-01-01T00:00:00.000Z,repo for italian covid19 app,66,1,https://github.com/SalesforceLabs/AppyBack,,AppyBack,1,42,JavaScript,2020-01-01T00:00:00.000Z,1,0,0,0,0,17,2020-01-01T00:00:00.000Z,Public,1
FALSE,2020-01-01T00:00:00.000Z,,67,0,https://github.com/SalesforceLabs/AssetMonitoring,,AssetMonitoring,0,1,,2020-01-01T00:00:00.000Z,0,0,0,0,0,1,2020-01-01T00:00:00.000Z,Private,0
FALSE,2020-01-01T00:00:00.000Z,Create and update a B2B product with ease using this Lightning component.,68,1,https://github.com/SalesforceLabs/B2BProductWizard,BSD-3-Clause,B2BProductWizard,0,144,Apex,2020-01-01T00:00:00.000Z,1,0,0,0,0,30,2020-01-01T00:00:00.000Z,Public,1
FALSE,2020-01-01T00:00:00.000Z,,69,0,https://github.com/SalesforceLabs/BaiduMapPlaceSearchLWC,BSD-3-Clause,BaiduMapPlaceSearchLWC,0,18,Apex,2020-01-01T00:00:00.000Z,0,0,0,0,0,2,2020-01-01T00:00:00.000Z,Private,0
FALSE,2011-01-01T00:00:00.000Z,Run tournament prediction pool games in Force.com.,70,10,https://github.com/SalesforceLabs/Brackets,,Brackets,2,25,,2020-01-01T00:00:00.000Z,9,0,0,0,0,9,2020-01-01T00:00:00.000Z,Public,9
FALSE,2013-01-01T00:00:00.000Z,A Brown Paper Tickets to Salesforce REST integration.,71,3,https://github.com/SalesforceLabs/BrownPaperTickets,,BrownPaperTickets,0,0,Apex,2013-01-01T00:00:00.000Z,4,0,0,0,0,0,2020-01-01T00:00:00.000Z,Public,4
FALSE,2011-01-01T00:00:00.000Z,A new budget management app from Force.com Labs,72,5,https://github.com/SalesforceLabs/BudgetingForce,,BudgetingForce,2,49,,2011-01-01T00:00:00.000Z,6,0,0,0,0,9,2019-01-01T00:00:00.000Z,Public,6
FALSE,2011-01-01T00:00:00.000Z,,73,1,https://github.com/SalesforceLabs/Campaign-Inclusion-Report,,Campaign-Inclusion-Report,0,1,,2011-01-01T00:00:00.000Z,2,0,0,0,0,1,2019-01-01T00:00:00.000Z,Public,2
FALSE,2019-01-01T00:00:00.000Z,A wellness at work Einstein Bot solution to aid users in their health consciousness in the workplace.,74,0,https://github.com/SalesforceLabs/CampBoto,,CampBoto,0,0,,2019-01-01T00:00:00.000Z,0,0,0,0,0,0,2019-01-01T00:00:00.000Z,Private,0
FALSE,2019-01-01T00:00:00.000Z,Creates cases via flow and authenticates new or existing users,75,0,https://github.com/SalesforceLabs/Case-Create-With-Authentication,,Case-Create-With-Authentication,0,0,,2019-01-01T00:00:00.000Z,0,0,0,0,0,0,2019-01-01T00:00:00.000Z,Private,0
FALSE,2019-01-01T00:00:00.000Z,A utility component for watching different queues of cases,76,0,https://github.com/SalesforceLabs/CaseQueueWatcher,,CaseQueueWatcher,0,0,,2019-01-01T00:00:00.000Z,0,0,0,0,0,0,2019-01-01T00:00:00.000Z,Private,0
FALSE,2019-01-01T00:00:00.000Z,,77,1,https://github.com/SalesforceLabs/CaseTimer,BSD-3-Clause,CaseTimer,3,300,JavaScript,2020-01-01T00:00:00.000Z,3,0,0,0,0,41,2020-01-01T00:00:00.000Z,Public,3
FALSE,2018-01-01T00:00:00.000Z,"Channel Plans is designed to be a business planning tool which would enable partners & channel managers to collaboratively create, manage, measure business goals. Partners can create business goals, track progress, mark completion and collaborate with channel managers from within this engaging, easy to use app",78,0,https://github.com/SalesforceLabs/ChannelPlans,BSD-3-Clause,ChannelPlans,0,0,Apex,2018-01-01T00:00:00.000Z,0,0,0,0,0,0,2019-01-01T00:00:00.000Z,Public,0
FALSE,2020-01-01T00:00:00.000Z,,79,1,https://github.com/SalesforceLabs/ChatLWCPack,,ChatLWCPack,0,25,JavaScript,2020-01-01T00:00:00.000Z,0,0,0,0,0,14,2020-01-01T00:00:00.000Z,Public,0
FALSE,2011-01-01T00:00:00.000Z,,80,0,https://github.com/SalesforceLabs/chatrank,,chatrank,0,0,,,0,0,0,0,0,0,2019-01-01T00:00:00.000Z,Private,0
FALSE,2012-01-01T00:00:00.000Z,http://appexchange.salesforce.com/listingDetail?listingId=a0N30000004cSsOEAU,81,3,https://github.com/SalesforceLabs/chatter-delete-blocker,,chatter-delete-blocker,2,25,Apex,2012-01-01T00:00:00.000Z,5,0,0,0,0,4,2019-01-01T00:00:00.000Z,Public,5
FALSE,2012-01-01T00:00:00.000Z,,82,0,https://github.com/SalesforceLabs/Chatter-for-Sharepoint,,Chatter-for-Sharepoint,0,0,,2012-01-01T00:00:00.000Z,0,0,0,0,0,0,2019-01-01T00:00:00.000Z,Private,0
FALSE,2012-01-01T00:00:00.000Z,Chatter for SharePoint 2007,83,0,https://github.com/SalesforceLabs/Chatter-for-SharePoint-2007,,Chatter-for-SharePoint-2007,0,0,,2012-01-01T00:00:00.000Z,1,0,0,0,0,0,2019-01-01T00:00:00.000Z,Public,1
FALSE,2012-01-01T00:00:00.000Z,Chatter for SharePoint 2010,84,0,https://github.com/SalesforceLabs/Chatter-for-SharePoint-2010,,Chatter-for-SharePoint-2010,6,1,,2012-01-01T00:00:00.000Z,3,0,0,0,0,1,2019-01-01T00:00:00.000Z,Public,3
FALSE,2011-01-01T00:00:00.000Z,,85,5,https://github.com/SalesforceLabs/chatter-game,BSD-3-Clause,chatter-game,0,224,Apex,2020-01-01T00:00:00.000Z,4,0,0,0,0,21,2020-01-01T00:00:00.000Z,Public,4
FALSE,2011-01-01T00:00:00.000Z,,86,2,https://github.com/SalesforceLabs/Chatter-Influence,,Chatter-Influence,0,61,,2011-01-01T00:00:00.000Z,3,0,0,0,0,1,2019-01-01T00:00:00.000Z,Public,3
FALSE,2011-01-01T00:00:00.000Z,,87,3,https://github.com/SalesforceLabs/Case-Age-In-Business-Hours,,Case-Age-In-Business-Hours,2,30,,2018-01-01T00:00:00.000Z,5,0,0,0,0,10,2019-01-01T00:00:00.000Z,Public,5
FALSE,2011-01-01T00:00:00.000Z,,88,0,https://github.com/SalesforceLabs/chatter-smart-stream,,chatter-smart-stream,0,0,,2011-01-01T00:00:00.000Z,0,0,0,0,0,0,2019-01-01T00:00:00.000Z,Private,0
FALSE,2011-01-01T00:00:00.000Z,,89,0,https://github.com/SalesforceLabs/chatter-survey,,chatter-survey,0,0,Java,2011-01-01T00:00:00.000Z,0,0,0,0,0,0,2019-01-01T00:00:00.000Z,Private,0
FALSE,2011-01-01T00:00:00.000Z,,90,2,https://github.com/SalesforceLabs/Chatter-Usage-Dashboards,,Chatter-Usage-Dashboards,0,0,,2011-01-01T00:00:00.000Z,2,0,0,0,0,0,2019-01-01T00:00:00.000Z,Public,2
FALSE,2020-01-01T00:00:00.000Z,Pure JS/HTML/CSS salesforce.com chatter front-end.,91,0,https://github.com/SalesforceLabs/ChatterIO,BSD-3-Clause,ChatterIO,0,0,JavaScript,2020-01-01T00:00:00.000Z,0,0,0,0,0,0,2020-01-01T00:00:00.000Z,Private,0
FALSE,2020-01-01T00:00:00.000Z,,92,0,https://github.com/SalesforceLabs/ChatterMessenger,,ChatterMessenger,0,1,,2020-01-01T00:00:00.000Z,0,0,0,0,0,1,2020-01-01T00:00:00.000Z,Private,0
FALSE,2011-01-01T00:00:00.000Z,Import RSS feeds into your Chatter stream,93,7,https://github.com/SalesforceLabs/ChatterRSS,,ChatterRSS,0,3,,2011-01-01T00:00:00.000Z,6,0,0,0,0,2,2019-01-01T00:00:00.000Z,Public,6
FALSE,2013-01-01T00:00:00.000Z,Create rules to automatically unfollow everyone from records meeting your rule's criteria,94,2,https://github.com/SalesforceLabs/chatterUnfollowRules,,chatterUnfollowRules,0,9,Apex,2013-01-01T00:00:00.000Z,0,0,0,0,0,1,2019-01-01T00:00:00.000Z,Public,0
FALSE,2020-01-01T00:00:00.000Z,,95,0,https://github.com/SalesforceLabs/ClayPhillipsLWCComp,,ClayPhillipsLWCComp,0,0,Apex,2020-01-01T00:00:00.000Z,0,0,0,0,0,0,2020-01-01T00:00:00.000Z,Private,0
FALSE,2019-01-01T00:00:00.000Z,Mark all open opps closed lost with a quick action and a flow.,96,1,https://github.com/SalesforceLabs/Close-All-Open-Opps,BSD-3-Clause,Close-All-Open-Opps,0,4,,2019-01-01T00:00:00.000Z,0,0,0,0,0,4,2019-01-01T00:00:00.000Z,Public,0
FALSE,2020-01-01T00:00:00.000Z,"Closer and it's companion app on the Salesforce AppExchange allow you to create dynamic, well-organized sales presentations to your customers, and to gather analytics on the effectiveness of your sales materials.",97,1,https://github.com/SalesforceLabs/Closer,,Closer,0,7,Apex,2020-01-01T00:00:00.000Z,1,0,0,0,0,7,2020-01-01T00:00:00.000Z,Public,1
FALSE,2020-01-01T00:00:00.000Z,iPad companion app for Closer package,98,1,https://github.com/SalesforceLabs/Closer-iPad,,Closer-iPad,0,8,JavaScript,2020-01-01T00:00:00.000Z,0,0,0,0,0,5,2020-01-01T00:00:00.000Z,Public,0
FALSE,2011-01-01T00:00:00.000Z,,99,12,https://github.com/SalesforceLabs/cloud-swarm,,cloud-swarm,0,18,Apex,2015-01-01T00:00:00.000Z,7,0,0,0,0,8,2019-01-01T00:00:00.000Z,Public,7
FALSE,2020-01-01T00:00:00.000Z,Cluster analysis for Salesforce: Group records into clusters and visualize the result using ML algorithms,100,3,https://github.com/SalesforceLabs/ClusterAnalysis,BSD-3-Clause,ClusterAnalysis,0,290,JavaScript,2020-01-01T00:00:00.000Z,6,0,0,4,2,96,2020-01-01T00:00:00.000Z,Public,6
FALSE,2020-01-01T00:00:00.000Z,The CMS Content Type Creator gives you a convenient point-and-click way to create content types right inside Lightning Experience.,101,1,https://github.com/SalesforceLabs/CMSContentTypeCreator,BSD-3-Clause,CMSContentTypeCreator,0,671,HTML,2020-01-01T00:00:00.000Z,0,0,0,0,0,46,2020-01-01T00:00:00.000Z,Public,0
FALSE,2019-01-01T00:00:00.000Z,,102,1,https://github.com/SalesforceLabs/community-lightweight-signup,BSD-3-Clause,community-lightweight-signup,0,4,JavaScript,2019-01-01T00:00:00.000Z,2,0,0,0,0,4,2020-01-01T00:00:00.000Z,Public,2
FALSE,2020-01-01T00:00:00.000Z,Community Cookie Consent allows you to display a cookie notice to your customers and gain their consent when they use your community. You can configure the cookies and categories directly in Salesforce and use those to drive the user interface.,103,2,https://github.com/SalesforceLabs/CommunityCookieConsent,,CommunityCookieConsent,0,61,HTML,2020-01-01T00:00:00.000Z,0,0,0,0,0,12,2020-01-01T00:00:00.000Z,Public,0
FALSE,2011-01-01T00:00:00.000Z,,104,11,https://github.com/SalesforceLabs/Contact-Viewer,,Contact-Viewer,5,47,JavaScript,2012-01-01T00:00:00.000Z,27,0,0,0,0,27,2019-01-01T00:00:00.000Z,Public,27
FALSE,2020-01-01T00:00:00.000Z,Provides Local Time and Google Map based on a context's time zone and location.,105,0,https://github.com/SalesforceLabs/ContextualTimeAndLocation,,ContextualTimeAndLocation,0,0,,2020-01-01T00:00:00.000Z,0,0,0,0,0,0,2020-01-01T00:00:00.000Z,Private,0
FALSE,2011-01-01T00:00:00.000Z,,106,2,https://github.com/SalesforceLabs/Copy-Contact-Roles-From-Accounts-to-Opportunities,,Copy-Contact-Roles-From-Accounts-to-Opportunities,0,0,,2011-01-01T00:00:00.000Z,3,0,0,0,0,0,2019-01-01T00:00:00.000Z,Public,3
FALSE,2019-01-01T00:00:00.000Z,Gantt-Chart is a sample component that demonstrates what can be built with Lightning Web Components (LWC),107,16,https://github.com/SalesforceLabs/GanttChart,BSD-3-Clause,GanttChart,3,1912,JavaScript,2019-01-01T00:00:00.000Z,19,0,0,18,6,329,2020-01-01T00:00:00.000Z,Public,19
FALSE,2019-01-01T00:00:00.000Z,,108,1,https://github.com/SalesforceLabs/GreenCard,BSD-3-Clause,GreenCard,0,1,,2019-01-01T00:00:00.000Z,1,0,0,1,1,1,2019-01-01T00:00:00.000Z,Public,1
FALSE,2018-01-01T00:00:00.000Z,"If you are looking for an easy way to visually represent your hierarchical Salesforce data, look no further!, here is a lightning component for you. Using this component you can create highly interactive visual representation of your hierarchies",109,6,https://github.com/SalesforceLabs/Hierarchy,BSD-3-Clause,Hierarchy,1,624,JavaScript,2019-01-01T00:00:00.000Z,6,0,0,3,2,159,2020-01-01T00:00:00.000Z,Public,6
FALSE,2018-01-01T00:00:00.000Z,The versatility for kanban views enable seamless coordination among team members of various business processes across an organization and hence boosting productivity.,110,9,https://github.com/SalesforceLabs/Home-Child-Kanban,BSD-3-Clause,Home-Child-Kanban,5,179,JavaScript,2018-01-01T00:00:00.000Z,8,0,0,0,0,45,2020-01-01T00:00:00.000Z,Public,8
FALSE,2018-01-01T00:00:00.000Z,If This Then That Channel for Salesforce,111,0,https://github.com/SalesforceLabs/ifttt_salesforce,BSD-3-Clause,ifttt_salesforce,0,8,Scala,2018-01-01T00:00:00.000Z,1,0,0,0,0,5,2020-01-01T00:00:00.000Z,Public,1
FALSE,2020-01-01T00:00:00.000Z,,112,0,https://github.com/SalesforceLabs/InAppGuidanceLWC,,InAppGuidanceLWC,0,0,,2020-01-01T00:00:00.000Z,0,0,0,0,0,0,2020-01-01T00:00:00.000Z,Private,0
FALSE,2011-01-01T00:00:00.000Z,,113,9,https://github.com/SalesforceLabs/Inline-Account-Hierarchy,,Inline-Account-Hierarchy,3,59,,2011-01-01T00:00:00.000Z,8,0,0,0,0,14,2019-01-01T00:00:00.000Z,Public,8
FALSE,2019-01-01T00:00:00.000Z,Inventory Manager for Nonprofits,114,1,https://github.com/SalesforceLabs/InventoryManagerNP,,InventoryManagerNP,0,91,Apex,2020-01-01T00:00:00.000Z,4,0,0,4,1,28,2020-01-01T00:00:00.000Z,Public,4
FALSE,2020-01-01T00:00:00.000Z,,115,1,https://github.com/SalesforceLabs/IssueBox,,IssueBox,2,26,JavaScript,2020-01-01T00:00:00.000Z,2,0,0,0,0,15,2020-01-01T00:00:00.000Z,Public,2
FALSE,2020-01-01T00:00:00.000Z,"ISV Console helps your ISV team make sense of customer apps installations, expiring licenses, and customer locations with actionable items to help your team save time with common processes and convert more sales leads on the go!",116,1,https://github.com/SalesforceLabs/ISVConsole,BSD-3-Clause,ISVConsole,0,39,JavaScript,2020-01-01T00:00:00.000Z,1,0,0,0,0,6,2020-01-01T00:00:00.000Z,Public,1
FALSE,2020-01-01T00:00:00.000Z,,117,0,https://github.com/SalesforceLabs/ItchyAndScratchy,,ItchyAndScratchy,0,0,,2020-01-01T00:00:00.000Z,0,0,0,0,0,0,2020-01-01T00:00:00.000Z,Private,0
FALSE,2011-01-01T00:00:00.000Z,,118,0,https://github.com/SalesforceLabs/iwaya,,iwaya,0,0,JavaScript,2011-01-01T00:00:00.000Z,0,0,0,0,0,0,2019-01-01T00:00:00.000Z,Private,0
FALSE,2020-01-01T00:00:00.000Z,Repository for the JabberJaw messenger labs app found on the AppExchange,119,0,https://github.com/SalesforceLabs/JabberJaw,,JabberJaw,0,0,,2020-01-01T00:00:00.000Z,0,0,0,0,0,0,2020-01-01T00:00:00.000Z,Private,0
FALSE,2019-01-01T00:00:00.000Z,"For Jewish organizations on college campuses, 360 view of your constituents Note: This app requires NPSP This app is catered for Jewish leaders on college campuses enabling them to keep track of their students, alumni and donors through interactions, spiritual milestones, event attendance and fundraising efforts.",120,1,https://github.com/SalesforceLabs/JewishCampusConnections,BSD-3-Clause,JewishCampusConnections,0,3,,2019-01-01T00:00:00.000Z,0,0,0,0,0,2,2019-01-01T00:00:00.000Z,Public,0
FALSE,2012-01-01T00:00:00.000Z,,121,2,https://github.com/SalesforceLabs/leadConvertChatter,,leadConvertChatter,0,35,Visual Basic,2013-01-01T00:00:00.000Z,1,0,0,0,0,4,2019-01-01T00:00:00.000Z,Public,1
FALSE,2011-01-01T00:00:00.000Z,Lead Scoring helps rank inbound leads to your salesforce.com org.,122,17,https://github.com/SalesforceLabs/LeadScoring,,LeadScoring,1,49,,2020-01-01T00:00:00.000Z,11,0,0,3,2,13,2019-01-01T00:00:00.000Z,Public,11
FALSE,2020-01-01T00:00:00.000Z,,123,0,https://github.com/SalesforceLabs/LearnWithConnections,,LearnWithConnections,0,0,,2020-01-01T00:00:00.000Z,0,0,0,0,0,0,2020-01-01T00:00:00.000Z,Private,0
FALSE,2019-01-01T00:00:00.000Z,Lifeblood is a blood donation solution built on Salesforce Platform,124,0,https://github.com/SalesforceLabs/Lifeblood,,Lifeblood,0,0,,2019-01-01T00:00:00.000Z,0,0,0,0,0,0,2019-01-01T00:00:00.000Z,Private,0
FALSE,2018-01-01T00:00:00.000Z,Engage your audience and highlight important information using the carousel and banner components in this package. Developers can also extend this package to feature custom content.,125,0,https://github.com/SalesforceLabs/Lightning-Carousel-and-Banner,,Lightning-Carousel-and-Banner,0,12,,2018-01-01T00:00:00.000Z,0,0,0,0,0,8,2019-01-01T00:00:00.000Z,Public,0
FALSE,2020-01-01T00:00:00.000Z,,126,0,https://github.com/SalesforceLabs/LightningCommentRate,,LightningCommentRate,0,0,,2020-01-01T00:00:00.000Z,0,0,0,0,0,0,2020-01-01T00:00:00.000Z,Private,0
FALSE,2018-01-01T00:00:00.000Z,Pack of Sample Generic Lightning Components includes a Recruitment Lightning Application which demonstrates how Partners can mix and match the Package's individual Lightning Components to create a highly interactive app.,127,0,https://github.com/SalesforceLabs/LightningComponentsSamplePack-Recruiting,BSD-3-Clause,LightningComponentsSamplePack-Recruiting,0,0,JavaScript,2018-01-01T00:00:00.000Z,0,0,0,0,0,0,2019-01-01T00:00:00.000Z,Private,0
FALSE,2020-01-01T00:00:00.000Z,Whether you're a Salesforce Admin or Developer - the way you deliver messages to your users is key to building a user-friendly app! Lighting Messaging Utility gives you the tools you need to build clean and consistent messages at all times!,128,1,https://github.com/SalesforceLabs/LightningMessagingUtility,,LightningMessagingUtility,1,43,HTML,2020-01-01T00:00:00.000Z,1,0,0,1,1,12,2020-01-01T00:00:00.000Z,Public,1
FALSE,2020-01-01T00:00:00.000Z,,129,3,https://github.com/SalesforceLabs/LightningStarRatingComponent,BSD-3-Clause,LightningStarRatingComponent,0,144,JavaScript,2020-01-01T00:00:00.000Z,0,0,0,1,1,31,2020-01-01T00:00:00.000Z,Public,0
FALSE,2020-01-01T00:00:00.000Z,Simple yet flexible charting Lightning Web Component using Chart.js for admins & developers,130,4,https://github.com/SalesforceLabs/LightningWebChartJS,MIT,LightningWebChartJS,1,1721,JavaScript,2020-01-01T00:00:00.000Z,22,0,0,46,5,271,2020-01-01T00:00:00.000Z,Public,22
FALSE,2018-01-01T00:00:00.000Z,,131,3,https://github.com/SalesforceLabs/ListViewPlus,BSD-3-Clause,ListViewPlus,0,41,Apex,2018-01-01T00:00:00.000Z,11,0,0,0,0,29,2020-01-01T00:00:00.000Z,Public,11
FALSE,2013-01-01T00:00:00.000Z,,132,18,https://github.com/SalesforceLabs/Logger,NOASSERTION,Logger,4,21,JavaScript,2018-01-01T00:00:00.000Z,19,0,0,1,1,19,2019-01-01T00:00:00.000Z,Public,19
FALSE,2012-01-01T00:00:00.000Z,,133,0,https://github.com/SalesforceLabs/Loggr,,Loggr,0,0,JavaScript,2013-01-01T00:00:00.000Z,0,0,0,0,0,0,2019-01-01T00:00:00.000Z,Private,0
FALSE,2020-01-01T00:00:00.000Z,"When you run a 24x7 call centre or a follow the sun model for your call centre, it is important to know the current time for your customer or the team you are working with. This component allows you to add more than one time zone and is always visible while you are working on your case.",134,0,https://github.com/SalesforceLabs/LWCClock,BSD-3-Clause,LWCClock,0,0,JavaScript,2020-01-01T00:00:00.000Z,0,0,0,0,0,0,2020-01-01T00:00:00.000Z,Private,0
FALSE,2020-01-01T00:00:00.000Z,Developer Console UI for managing Lightning Web Components,135,0,https://github.com/SalesforceLabs/LWCDeveloperConsole,,LWCDeveloperConsole,0,0,,2020-01-01T00:00:00.000Z,0,0,0,0,0,0,2020-01-01T00:00:00.000Z,Private,0
FALSE,2020-01-01T00:00:00.000Z,A LWC component to enhance the user experience of Salesforce Records,136,0,https://github.com/SalesforceLabs/LWCRecordsUtility,BSD-3-Clause,LWCRecordsUtility,0,0,JavaScript,2020-01-01T00:00:00.000Z,0,0,0,0,0,0,2020-01-01T00:00:00.000Z,Private,0
FALSE,2011-01-01T00:00:00.000Z,,137,4,https://github.com/SalesforceLabs/Mass-Delete,,Mass-Delete,0,13,,2011-01-01T00:00:00.000Z,5,0,0,6,1,2,2019-01-01T00:00:00.000Z,Public,5
FALSE,2011-01-01T00:00:00.000Z,,138,4,https://github.com/SalesforceLabs/Mass-Lead-Converter,,Mass-Lead-Converter,1,13,,2020-01-01T00:00:00.000Z,3,0,0,0,0,4,2019-01-01T00:00:00.000Z,Public,3
FALSE,2011-01-01T00:00:00.000Z,,139,7,https://github.com/SalesforceLabs/Mass-Update-And-Mass-Edit,,Mass-Update-And-Mass-Edit,4,92,,2011-01-01T00:00:00.000Z,10,0,0,0,0,13,2019-01-01T00:00:00.000Z,Public,10
FALSE,2013-01-01T00:00:00.000Z,,140,0,https://github.com/SalesforceLabs/Meetr,,Meetr,0,0,,2013-01-01T00:00:00.000Z,0,0,0,0,0,0,2019-01-01T00:00:00.000Z,Private,0
FALSE,2011-01-01T00:00:00.000Z,Lightweight Project and Task Management for Force.com #forcedotcom,141,527,https://github.com/SalesforceLabs/Milestones-PM,,Milestones-PM,87,418,Apex,2020-01-01T00:00:00.000Z,191,0,0,5,1,136,2020-01-01T00:00:00.000Z,Public,191
FALSE,2020-01-01T00:00:00.000Z,,142,0,https://github.com/SalesforceLabs/ModularCaseTimer,,ModularCaseTimer,0,0,,2020-01-01T00:00:00.000Z,0,0,0,0,0,0,2020-01-01T00:00:00.000Z,Private,0
FALSE,2019-01-01T00:00:00.000Z,Mortgage Calculator with Lead Generation,143,1,https://github.com/SalesforceLabs/MortgageCalculatorFlow,BSD-3-Clause,MortgageCalculatorFlow,0,22,JavaScript,2019-01-01T00:00:00.000Z,1,0,0,0,0,5,2020-01-01T00:00:00.000Z,Public,1
FALSE,2020-01-01T00:00:00.000Z,In-App guidance app for Japanese Salesforce users,144,0,https://github.com/SalesforceLabs/SGuidance,,SGuidance,0,9,,2020-01-01T00:00:00.000Z,0,0,0,0,0,7,2020-01-01T00:00:00.000Z,Public,0
FALSE,2020-01-01T00:00:00.000Z,,145,0,https://github.com/SalesforceLabs/SharingInspector,,SharingInspector,6,18,Apex,2020-01-01T00:00:00.000Z,1,0,0,0,0,1,2020-01-01T00:00:00.000Z,Private,1
FALSE,2020-01-01T00:00:00.000Z,,146,0,https://github.com/SalesforceLabs/ShippingForce,,ShippingForce,0,0,,2020-01-01T00:00:00.000Z,0,0,0,0,0,0,2020-01-01T00:00:00.000Z,Private,0
FALSE,2011-01-01T00:00:00.000Z,,147,0,https://github.com/SalesforceLabs/shouldfollow,,shouldfollow,0,0,JavaScript,2011-01-01T00:00:00.000Z,0,0,0,0,0,0,2019-01-01T00:00:00.000Z,Private,0
FALSE,2018-01-01T00:00:00.000Z,Demo lightning component that can be exposed on Lightning Community to show how to use SignupRequest API to provision trial orgs,148,0,https://github.com/SalesforceLabs/signup-request-lightning,,signup-request-lightning,0,0,,2018-01-01T00:00:00.000Z,0,0,0,0,0,0,2019-01-01T00:00:00.000Z,Private,0
FALSE,2018-01-01T00:00:00.000Z,Demo node/react app that can be exposed on Heroku (for example) to show how to use SignupRequest API to provision trial orgs,149,0,https://github.com/SalesforceLabs/signup-request-node,,signup-request-node,0,0,,2018-01-01T00:00:00.000Z,0,0,0,0,0,0,2019-01-01T00:00:00.000Z,Private,0
FALSE,2011-01-01T00:00:00.000Z,,150,2,https://github.com/SalesforceLabs/Simple-Quote-Invoice-Order,,Simple-Quote-Invoice-Order,1,0,,2011-01-01T00:00:00.000Z,2,0,0,0,0,0,2019-01-01T00:00:00.000Z,Public,2
FALSE,2015-01-01T00:00:00.000Z,Contains Sample Lightning Components for Salesforce Lightning Design System,151,0,https://github.com/SalesforceLabs/sldsx,Apache-2.0,sldsx,11,0,CSS,2018-01-01T00:00:00.000Z,1,0,0,0,0,0,2020-01-01T00:00:00.000Z,Private,1
FALSE,2018-01-01T00:00:00.000Z,SMS for Flows contains Invocable Apex to send SMS messages via Twilio Messaging API.,152,1,https://github.com/SalesforceLabs/SMS-for-Flows,BSD-3-Clause,SMS-for-Flows,0,34,Apex,2019-01-01T00:00:00.000Z,2,0,0,0,0,8,2020-01-01T00:00:00.000Z,Public,2
FALSE,2020-01-01T00:00:00.000Z,,153,0,https://github.com/SalesforceLabs/StorefrontOccupancyManager,,StorefrontOccupancyManager,0,4,,2020-01-01T00:00:00.000Z,0,0,0,0,0,2,2020-01-01T00:00:00.000Z,Private,0
FALSE,2011-01-01T00:00:00.000Z,,154,2,https://github.com/SalesforceLabs/Strategic-Account-Planning,,Strategic-Account-Planning,0,2,,2011-01-01T00:00:00.000Z,2,0,0,0,0,2,2019-01-01T00:00:00.000Z,Public,2
FALSE,2020-01-01T00:00:00.000Z,StreamBoard is a standalone lightning web component that allows Chatter users to stay better connected and informed through the ability to view and interact with multiple Chatter Streams in one easy-to-use interface. Streamboard can be used on a Desktop or Mobile experience.,155,0,https://github.com/SalesforceLabs/StreamBoard,BSD-3-Clause,StreamBoard,0,0,JavaScript,2020-01-01T00:00:00.000Z,0,0,0,0,0,0,2020-01-01T00:00:00.000Z,Private,0
FALSE,2011-01-01T00:00:00.000Z,,156,42,https://github.com/SalesforceLabs/survey-force,,survey-force,2,1857,CSS,2020-01-01T00:00:00.000Z,50,0,0,9,4,549,2020-01-01T00:00:00.000Z,Public,50
FALSE,2019-01-01T00:00:00.000Z,,157,0,https://github.com/SalesforceLabs/SustainabilityApp,,SustainabilityApp,0,0,Apex,2019-01-01T00:00:00.000Z,0,0,0,0,0,0,2019-01-01T00:00:00.000Z,Private,0
FALSE,2012-01-01T00:00:00.000Z,,158,0,https://github.com/SalesforceLabs/Tasks,,Tasks,0,0,JavaScript,2012-01-01T00:00:00.000Z,0,0,0,0,0,0,2019-01-01T00:00:00.000Z,Private,0
FALSE,2020-01-01T00:00:00.000Z,"Easy to view/surf activities on record page.  Building on a simple LWC for activities on a calendar view, will show summary & preliminary details on hover, details component on the bottom for showing more information on clicking on dates/events. The additional updates will be giving users the flexibility to flag/define important events (that will be shown as well on UI, possibly using platform events) & allow users to filter the type of activities/objects/users as per record owner/user preferences.  See related records of any object as a timeline (similar to to the standard activity timeline). Customize the standard activity timeline to include related objects, external objects and configure what fields display on the timeline.",159,0,https://github.com/SalesforceLabs/TestLWC,,TestLWC,0,1,JavaScript,2020-01-01T00:00:00.000Z,1,0,0,0,0,1,2020-01-01T00:00:00.000Z,Private,1
FALSE,2020-01-01T00:00:00.000Z,"An app to create meeting agendas and to facilitate virtual meetings, with ballots and evaluation forms.",160,1,https://github.com/SalesforceLabs/Toastmasters,BSD-3-Clause,Toastmasters,0,21,JavaScript,2020-01-01T00:00:00.000Z,1,0,0,0,0,9,2020-01-01T00:00:00.000Z,Public,1
FALSE,2019-01-01T00:00:00.000Z,"Create a culture of continuous learning. Turbocharge how you onboard new employees, no matter their speed. Pacers, runners, or sprinters: we've got everyone covered. Get, set, go!",161,2,https://github.com/SalesforceLabs/Trekkr,BSD-3-Clause,Trekkr,0,38,JavaScript,2019-01-01T00:00:00.000Z,1,0,0,0,0,11,2020-01-01T00:00:00.000Z,Public,1
FALSE,2019-01-01T00:00:00.000Z,Troubleshoot My Device is a flow template solution to troubleshoot customer issue in a whole new way.,162,1,https://github.com/SalesforceLabs/TroubleshootMyDevice,BSD-3-Clause,TroubleshootMyDevice,0,9,JavaScript,2019-01-01T00:00:00.000Z,1,0,0,0,0,8,2019-01-01T00:00:00.000Z,Public,1
FALSE,2011-01-01T00:00:00.000Z,,163,4,https://github.com/SalesforceLabs/Unit-Test-Examples,,Unit-Test-Examples,1,28,,2020-01-01T00:00:00.000Z,3,0,0,0,0,8,2019-01-01T00:00:00.000Z,Public,3
FALSE,2019-01-01T00:00:00.000Z,App that allows a constituent to unsubscribe from all emails from an organization,164,2,https://github.com/SalesforceLabs/UnsubscribeLink,BSD-3-Clause,UnsubscribeLink,0,84,,2019-01-01T00:00:00.000Z,2,0,0,0,0,25,2020-01-01T00:00:00.000Z,Public,2
FALSE,2018-01-01T00:00:00.000Z,"Utility Bot is a versatile chatbot for utility service providers multipurpose needs. It provides utility service providers’ customers with real time information on outage and can  handle requests like transfer/stop service, and energy usage. It can be easily adapted to the needs of different types of utility service providers.",165,2,https://github.com/SalesforceLabs/UtilityBot,BSD-3-Clause,UtilityBot,0,149,Apex,2018-01-01T00:00:00.000Z,2,0,0,1,1,36,2019-01-01T00:00:00.000Z,Public,2
FALSE,2020-01-01T00:00:00.000Z,This lightning web component allows users to play video files natively in Salesforce. No need to download a video file to view it. There is also no need to transfer the video file to a third party service.,166,2,https://github.com/SalesforceLabs/VideoViewer,BSD-3-Clause,VideoViewer,0,226,JavaScript,2020-01-01T00:00:00.000Z,2,0,0,14,3,61,2020-01-01T00:00:00.000Z,Public,2
FALSE,2018-01-01T00:00:00.000Z,"This component will notify you when another user is also viewing the same record as you, to help reduce conflict when saving records.",167,0,https://github.com/SalesforceLabs/Whos-Viewing-My-Record,,Whos-Viewing-My-Record,0,0,,2018-01-01T00:00:00.000Z,0,0,0,0,0,0,2019-01-01T00:00:00.000Z,Private,0
FALSE,2020-01-01T00:00:00.000Z,,168,0,https://github.com/SalesforceLabs/WishYourColleague,MIT,WishYourColleague,0,9,JavaScript,2020-01-01T00:00:00.000Z,0,0,0,0,0,2,2020-01-01T00:00:00.000Z,Private,0
FALSE,2019-01-01T00:00:00.000Z,The provided Flow Template gives a great base point for those who are starting with building out FSL Mobile Flows,169,0,https://github.com/SalesforceLabs/WorkOrderUtilityFlow,,WorkOrderUtilityFlow,0,0,,2019-01-01T00:00:00.000Z,0,0,0,0,0,0,2019-01-01T00:00:00.000Z,Private,0
FALSE,2020-01-01T00:00:00.000Z,Drag and drop a world clock component on to your page. Configure up to four timezones for your end users.,170,0,https://github.com/SalesforceLabs/WorldClock,,WorldClock,0,0,,2020-01-01T00:00:00.000Z,0,0,0,0,0,0,2020-01-01T00:00:00.000Z,Private,0
FALSE,2019-01-01T00:00:00.000Z,Deliver consistent onboarding experiences for your partners,171,0,https://github.com/SalesforceLabs/Partner-Onboarding,BSD-3-Clause,Partner-Onboarding,0,0,Apex,2019-01-01T00:00:00.000Z,0,0,0,0,0,0,2019-01-01T00:00:00.000Z,Private,0
FALSE,2018-01-01T00:00:00.000Z,"Easily create robust questionnaires to email to potential partners, who are saved as leads in your org. Once a questionnaire is completed by the potential partner, the lead owner is notified.",172,0,https://github.com/SalesforceLabs/Partner-Recruitement-App,BSD-3-Clause,Partner-Recruitement-App,0,0,JavaScript,2018-01-01T00:00:00.000Z,2,0,0,0,0,0,2019-01-01T00:00:00.000Z,Public,2
FALSE,2018-01-01T00:00:00.000Z,"This app is used to support the on-boarding and progression of Partners via the Channel Program data model in a Gamified way. Through custom processes they can set what specific activities earns points and reaching the threshold, the member can level.",173,3,https://github.com/SalesforceLabs/PartnerAdoptionApp,BSD-3-Clause,PartnerAdoptionApp,0,6,Apex,2019-01-01T00:00:00.000Z,2,0,0,0,0,4,2019-01-01T00:00:00.000Z,Public,2
FALSE,2018-01-01T00:00:00.000Z,"Flow actions (via Twilio Authy) that can be used to verify a customer from UI, BOT etc",174,1,https://github.com/SalesforceLabs/PhoneVerificationLabapp,NOASSERTION,PhoneVerificationLabapp,1,2,Apex,2018-01-01T00:00:00.000Z,1,0,0,0,0,1,2019-01-01T00:00:00.000Z,Public,1
FALSE,2011-01-01T00:00:00.000Z,Connect with fellow conference attendees from your geo-aware mobile device.,175,2,https://github.com/SalesforceLabs/piazza,,piazza,2,7,JavaScript,2012-01-01T00:00:00.000Z,20,0,0,2,2,6,2019-01-01T00:00:00.000Z,Public,20
FALSE,2011-01-01T00:00:00.000Z,,176,0,https://github.com/SalesforceLabs/piazza-dev,,piazza-dev,12,0,JavaScript,2011-01-01T00:00:00.000Z,0,0,0,0,0,0,2019-01-01T00:00:00.000Z,Private,0
FALSE,2020-01-01T00:00:00.000Z,,177,0,https://github.com/SalesforceLabs/Plottify,,Plottify,0,28,JavaScript,2020-01-01T00:00:00.000Z,0,0,0,1,1,8,2020-01-01T00:00:00.000Z,Private,0
FALSE,2019-01-01T00:00:00.000Z,"Track how often Process Builder, Flow and Apex automations are used.",178,1,https://github.com/SalesforceLabs/ProcessAutomationTracking,BSD-3-Clause,ProcessAutomationTracking,0,7,Apex,2019-01-01T00:00:00.000Z,2,0,0,0,0,6,2020-01-01T00:00:00.000Z,Public,2
FALSE,2011-01-01T00:00:00.000Z,,179,3,https://github.com/SalesforceLabs/Project-And-Issue-Management,,Project-And-Issue-Management,0,4,,2011-01-01T00:00:00.000Z,4,0,0,0,0,1,2019-01-01T00:00:00.000Z,Public,4
FALSE,2018-01-01T00:00:00.000Z,ProposalForce is a Request for Proposal management solution,180,3,https://github.com/SalesforceLabs/ProposalForce,BSD-3-Clause,ProposalForce,0,52,JavaScript,2018-01-01T00:00:00.000Z,2,0,0,0,0,16,2020-01-01T00:00:00.000Z,Public,2
FALSE,2019-01-01T00:00:00.000Z,A Quick Community User Provisioning setup enabling users to effectively enable community users from contact records fast,181,1,https://github.com/SalesforceLabs/Quick-Community-User-Provisioning,BSD-2-Clause,Quick-Community-User-Provisioning,1,28,JavaScript,2020-01-01T00:00:00.000Z,2,0,0,0,0,16,2020-01-01T00:00:00.000Z,Public,2
FALSE,2019-01-01T00:00:00.000Z,A Flow to allow agents to create case quickly at any Salesforce page,182,0,https://github.com/SalesforceLabs/QuickCaseCreationFlow,NOASSERTION,QuickCaseCreationFlow,0,0,,2019-01-01T00:00:00.000Z,0,0,0,0,0,0,2019-01-01T00:00:00.000Z,Private,0
FALSE,2019-01-01T00:00:00.000Z,A Quip Live App allowing anyone to collaboratively find a time slot that works for everyone.,183,1,https://github.com/SalesforceLabs/QuipSchedulerLiveApp,Apache-2.0,QuipSchedulerLiveApp,0,28,JavaScript,2019-01-01T00:00:00.000Z,1,0,0,0,0,5,2019-01-01T00:00:00.000Z,Public,1
FALSE,2018-01-01T00:00:00.000Z,,184,0,https://github.com/SalesforceLabs/QuipWeatherApp,,QuipWeatherApp,0,0,,2018-01-01T00:00:00.000Z,0,0,0,0,0,0,2019-01-01T00:00:00.000Z,Private,0
FALSE,2013-01-01T00:00:00.000Z,UI for viewing and editing quotas for Collaborative Forecasting,185,11,https://github.com/SalesforceLabs/QuotaEdit,,QuotaEdit,8,24,Apex,2020-01-01T00:00:00.000Z,16,0,0,0,0,11,2020-01-01T00:00:00.000Z,Public,16
FALSE,2016-01-01T00:00:00.000Z,,186,6,https://github.com/SalesforceLabs/react.force,,react.force,2,137,JavaScript,2016-01-01T00:00:00.000Z,2,0,0,0,0,49,2020-01-01T00:00:00.000Z,Public,2
FALSE,2016-01-01T00:00:00.000Z,,187,7,https://github.com/SalesforceLabs/react.force.base.theme,,react.force.base.theme,1,15,JavaScript,2017-01-01T00:00:00.000Z,7,0,0,0,0,5,2019-01-01T00:00:00.000Z,Public,7
FALSE,2016-01-01T00:00:00.000Z,,188,7,https://github.com/SalesforceLabs/react.force.data,NOASSERTION,react.force.data,3,5,JavaScript,2017-01-01T00:00:00.000Z,1,0,0,0,0,2,2019-01-01T00:00:00.000Z,Public,1
FALSE,2016-01-01T00:00:00.000Z,,189,8,https://github.com/SalesforceLabs/react.force.datacontainer,,react.force.datacontainer,3,0,JavaScript,2016-01-01T00:00:00.000Z,3,0,0,0,0,0,2019-01-01T00:00:00.000Z,Public,3
FALSE,2016-01-01T00:00:00.000Z,,190,6,https://github.com/SalesforceLabs/react.force.layout,,react.force.layout,0,11,JavaScript,2016-01-01T00:00:00.000Z,1,0,0,0,0,2,2019-01-01T00:00:00.000Z,Public,1
FALSE,2020-01-01T00:00:00.000Z,Lightning component to clone record with child records together,191,0,https://github.com/SalesforceLabs/RecordClone,BSD-3-Clause,RecordClone,0,1,Apex,2020-01-01T00:00:00.000Z,0,0,0,0,0,1,2020-01-01T00:00:00.000Z,Private,0
FALSE,2018-01-01T00:00:00.000Z,Helping schedule your resources with required skills in a simple way!,192,2,https://github.com/SalesforceLabs/Resource-Availability-Checker,NOASSERTION,Resource-Availability-Checker,0,12,Apex,2019-01-01T00:00:00.000Z,1,0,0,0,0,8,2020-01-01T00:00:00.000Z,Public,1
FALSE,2019-01-01T00:00:00.000Z,Simple Salesforce project framework designed to be spun out of Opportunities.,193,2,https://github.com/SalesforceLabs/Reusable-Projects,NOASSERTION,Reusable-Projects,0,20,Apex,2019-01-01T00:00:00.000Z,0,0,0,0,0,6,2019-01-01T00:00:00.000Z,Public,0
FALSE,2019-01-01T00:00:00.000Z,Reusable framework for a LiveMessage SMS engine.,194,0,https://github.com/SalesforceLabs/Reusable-SMS,,Reusable-SMS,0,0,,2019-01-01T00:00:00.000Z,0,0,0,0,0,0,2019-01-01T00:00:00.000Z,Private,0
FALSE,2020-01-01T00:00:00.000Z,,195,0,https://github.com/SalesforceLabs/RichInterfaceChatbot,,RichInterfaceChatbot,0,0,,2020-01-01T00:00:00.000Z,0,0,0,0,0,0,2020-01-01T00:00:00.000Z,Private,0
FALSE,2011-01-01T00:00:00.000Z,,196,3,https://github.com/SalesforceLabs/Sales-Activity-Dashboards,,Sales-Activity-Dashboards,0,0,,2011-01-01T00:00:00.000Z,2,0,0,0,0,0,2019-01-01T00:00:00.000Z,Public,2
FALSE,2011-01-01T00:00:00.000Z,,197,3,https://github.com/SalesforceLabs/Salesforce-Adoption-Dashboards,,Salesforce-Adoption-Dashboards,0,4,,2011-01-01T00:00:00.000Z,2,0,0,0,0,4,2019-01-01T00:00:00.000Z,Public,2
FALSE,2011-01-01T00:00:00.000Z,"This is code that works with Salesforce.com.  Easily break down Campaigns for A-B testing or using the Salesforce.com Mass Email wizards. Create segments of whatever size works for you and randomly assign campaign members to those segments, all of them rolling up using standard Campaign Hierarchy.",198,5,https://github.com/SalesforceLabs/Salesforce-Campaign-Segmentation-Wizard,,Salesforce-Campaign-Segmentation-Wizard,5,18,,2011-01-01T00:00:00.000Z,9,0,0,0,0,9,2019-01-01T00:00:00.000Z,Public,9
FALSE,2011-01-01T00:00:00.000Z,,199,3,https://github.com/SalesforceLabs/Salesforce-CRM-Dashboards,,Salesforce-CRM-Dashboards,0,3,,2011-01-01T00:00:00.000Z,2,0,0,0,0,2,2019-01-01T00:00:00.000Z,Public,2
FALSE,2011-01-01T00:00:00.000Z,,200,0,https://github.com/SalesforceLabs/salesforce-locations,,salesforce-locations,4,0,,2011-01-01T00:00:00.000Z,0,0,0,0,0,0,2019-01-01T00:00:00.000Z,Private,0
FALSE,2020-01-01T00:00:00.000Z,"This Lightning Component allows you to view which Marketing Cloud journeys a Contact, Lead, Case or Account is on, directly within Salesforce. You can also choose to eject them from any of those journeys if appropriate.",201,1,https://github.com/SalesforceLabs/SalesforceJourneys,BSD-3-Clause,SalesforceJourneys,0,138,HTML,2020-01-01T00:00:00.000Z,2,0,0,11,1,41,2020-01-01T00:00:00.000Z,Public,2
FALSE,2020-01-01T00:00:00.000Z,Not your mother's Salesforce scheduler,202,2,https://github.com/SalesforceLabs/Schedul-o-matic-9000,BSD-3-Clause,Schedul-o-matic-9000,2,435,JavaScript,2020-01-01T00:00:00.000Z,13,0,0,8,3,222,2020-01-01T00:00:00.000Z,Public,13
FALSE,2019-01-01T00:00:00.000Z,,203,1,https://github.com/SalesforceLabs/Scheduling-from-Lists-in-Lightning-Experience,BSD-2-Clause,Scheduling-from-Lists-in-Lightning-Experience,0,6,Apex,2019-01-01T00:00:00.000Z,0,0,0,0,0,2,2019-01-01T00:00:00.000Z,Public,0
FALSE,2020-01-01T00:00:00.000Z,,204,0,https://github.com/SalesforceLabs/sebrepo,,sebrepo,0,1,,2020-01-01T00:00:00.000Z,0,0,0,0,0,1,2020-01-01T00:00:00.000Z,Private,0
FALSE,2011-01-01T00:00:00.000Z,,205,2,https://github.com/SalesforceLabs/Service-And-Support-Dashboards,,Service-And-Support-Dashboards,0,0,,2011-01-01T00:00:00.000Z,3,0,0,0,0,0,2019-01-01T00:00:00.000Z,Public,3
FALSE,2020-01-01T00:00:00.000Z,Service Center Playground AppExchange for developers,206,0,https://github.com/SalesforceLabs/ServiceCenterPlayground,,ServiceCenterPlayground,0,0,,2020-01-01T00:00:00.000Z,0,0,0,0,0,0,2020-01-01T00:00:00.000Z,Private,0
FALSE,2019-01-01T00:00:00.000Z,Salesforce Connect adapter for Workday HCM,207,0,https://github.com/SalesforceLabs/sfdcwdayhcmconnect,,sfdcwdayhcmconnect,0,0,,2019-01-01T00:00:00.000Z,0,0,0,0,0,0,2019-01-01T00:00:00.000Z,Private,0
FALSE,2020-01-01T00:00:00.000Z,"This code uses a Apex Connector + REST API to extract the Salesforce Limits. Once the external source is validated and synced add the Permission Set (Salesforce Limit Permission Set) to the appropriate users. In addition, the code supports both Anonymous and Named Credentials. If Anonymous is used, the connector uses the session id of the invoker.",208,0,https://github.com/SalesforceLabs/SFDXApexConnector,MIT,SFDXApexConnector,0,0,Apex,2020-01-01T00:00:00.000Z,0,0,0,0,0,0,2020-01-01T00:00:00.000Z,Private,0
FALSE,2020-01-01T00:00:00.000Z,,209,0,https://github.com/SalesforceLabs/ISCRMIntegration,,ISCRMIntegration,0,1,,2020-01-01T00:00:00.000Z,0,0,0,0,0,1,2020-01-01T00:00:00.000Z,Private,0